Flair,funny_c,funny_s,DotA2_c,DotA2_s,Dota2Trade_c,Dota2Trade_s,starcraft_c,starcraft_s,gaming_c,gaming_s,Games_c,Games_s,pics_c,pics_s,AskReddit_c,AskReddit_s
0,2,4,1,1,0,0,0,0,0,0,0,0,0,0,2,2
0,1,1,1,2,0,0,1,-2,2,-2,0,0,1,1,6,2
0,1,3,1,10
0,5,15,1,9,0,0,0,0,2,8
0,1,2,1,1
0,22,118,1,-14,0,0,0,0,0,0,0,0,4,2,1,1
0,1,0,3,-10
0,2,-56,2,6,0,0,0,0,0,0,0,0,0,0,1,0
0,5,4,2,0,0,0,0,0,2,0,0,0,2,2,2,2
0,1,3,13,6,0,0,0,0,0,0,0,0,1,3
0,3,23,1,30,0,0,10,160,2,57,1,8
0,4,4,1,-4,0,0,0,0,0,0,0,0,0,0,1,4
0,1,1,1,0,0,0,0,0,0,0,0,0,0,0,1,4
0,5,25,3,5
0,3,6,1,3
0,1,50,1,6,1,1
0,1,2,1,2
0,3,3,1,1,0,0,0,0,1,-2,0,0,4,6,1,1
0,1,1,1,5
0,1,1,3,3,0,0,0,0,6,46
0,2,6,1,3
0,1,1,6,16
0,0,0,1,214
0,0,0,1,2
0,0,0,1,3
0,0,0,2,3
0,0,0,1,1
0,0,0,1,7
0,0,0,1,2
0,0,0,6,6
0,0,0,1,-13
0,0,0,2,11
0,0,0,1,4
0,0,0,1,36
0,0,0,10,70
0,0,0,1,24
0,0,0,3,9
0,0,0,10,30
0,0,0,2,2
0,0,0,1,-1
0,0,0,3,8
0,0,0,1,1
0,0,0,1,1
0,0,0,1,1
0,0,0,1,-1
0,0,0,1,-4
0,0,0,1,3
0,0,0,1,-6,0,0,0,0,2,8,1,-4
0,0,0,1,3
0,0,0,4,0
0,0,0,1,11,0,0,0,0,1,1,0,0,0,0,1,1
0,0,0,2,3,0,0,0,0,0,0,0,0,0,0,2,6
0,0,0,1,5
0,0,0,1,2
0,0,0,1,3
0,0,0,5,9
0,0,0,3,1
0,0,0,1,-1
0,0,0,1,1
0,0,0,11,10
0,0,0,4,4
0,0,0,1,12
0,0,0,5,1
0,0,0,4,8
0,0,0,1,1
0,0,0,1,2
0,0,0,4,22
0,0,0,1,22
0,0,0,1,-1
0,0,0,1,1,0,0,4,136
0,0,0,5,23,0,0,0,0,2,6,0,0,1,6
0,0,0,4,4
0,0,0,5,33
0,0,0,1,3
0,0,0,1,2
0,0,0,1,1
0,0,0,1,1
0,0,0,32,176
0,0,0,1,0
0,0,0,1,1
0,0,0,2,16
0,0,0,1,0
0,0,0,1,0,0,0,0,0,0,0,0,0,0,0,1,0
0,0,0,1,27
0,0,0,2,40
0,0,0,2,2
0,0,0,1,5
0,0,0,1,37
0,0,0,8,14
0,0,0,1,1
0,0,0,1,-2
0,0,0,3,3
0,0,0,3,4,0,0,1,2
0,0,0,2,4
0,0,0,1,1
0,0,0,1,13
0,0,0,1,5
0,0,0,1,18
0,0,0,1,1
0,0,0,1,2
0,0,0,1,2
0,0,0,10,1490
0,0,0,1,-1
0,0,0,1,2
0,0,0,4,0
0,0,0,2,4
0,0,0,1,-1
0,0,0,2,2
0,0,0,1,3
0,0,0,1,10
0,0,0,4,4
0,0,0,1,-2
0,0,0,3,3
0,0,0,1,2
0,0,0,1,-2,0,0,0,0,0,0,3,-37
0,0,0,3,18
0,0,0,7,4
0,0,0,15,15
0,0,0,3,9
0,0,0,2,2
0,0,0,1,3,0,0,0,0,0,0,1,20
0,0,0,1,1
0,0,0,1,0
0,0,0,1,2
0,0,0,1,1
0,0,0,6,-8
0,0,0,6,6
0,0,0,1,0
0,0,0,1,8
0,0,0,2,30,0,0,0,0,4,144
0,0,0,2,6,0,0,0,0,0,0,1,1
0,0,0,1,2
0,0,0,9,48
0,0,0,1,2
0,0,0,1,3,0,0,9,-1
0,0,0,2,2
0,0,0,2,4
0,0,0,1,5
0,0,0,3,5
0,0,0,3,1
0,0,0,7,-1
0,0,0,1,-1
0,0,0,1,2
0,0,0,2,2
0,0,0,1,1
0,0,0,1,13
0,0,0,1,1
0,0,0,1,1
0,0,0,1,1
0,0,0,4,26
0,0,0,2,17
0,0,0,1,2
0,0,0,2,3
0,0,0,1,1
0,0,0,2,2
0,0,0,1,-1
0,0,0,1,-11
0,0,0,1,6
0,0,0,8,14
0,0,0,1,1
0,0,0,2,2
0,0,0,2,3
0,0,0,1,2
0,0,0,1,4
0,0,0,3,-7
0,0,0,2,18
0,0,0,2,6
0,0,0,1,1
0,0,0,1,13
0,0,0,1,6
0,0,0,3,2
0,0,0,1,3
0,0,0,2,5
0,0,0,2,2
0,0,0,2,39
0,0,0,2,2
0,0,0,2,12,6,11
0,0,0,7,21
0,0,0,4,127
0,0,0,6,8,0,0,0,0,0,0,0,0,0,0,1,1
0,0,0,1,8
0,0,0,1,0
0,0,0,1,58
0,0,0,1,10
0,0,0,1,1
0,0,0,1,1
0,0,0,1,12,0,0,0,0,0,0,0,0,0,0,6,18
0,0,0,1,26
0,0,0,1,3
0,0,0,1,13
0,0,0,4,12
0,0,0,6,50
0,0,0,2,3
0,0,0,1,1
0,0,0,4,4
0,0,0,3,16,0,0,0,0,0,0,1,1
0,0,0,2,1,0,0,0,0,0,0,0,0,3,143
0,0,0,6,24
0,0,0,1,2
0,0,0,2,18
0,0,0,6,12
0,0,0,1,39
0,0,0,1,6,0,0,0,0,0,0,0,0,0,0,1,1
0,0,0,1,1
0,0,0,1,2
0,0,0,10,10
0,0,0,1,1
0,0,0,1,1,0,0,0,0,0,0,0,0,0,0,1,13
0,0,0,6,-6
0,0,0,1,5
0,0,0,2,22
0,0,0,1,1
0,0,0,1,1
0,0,0,1,2
0,0,0,2,3
0,0,0,4,8
0,0,0,2,6
0,0,0,1,3,0,0,0,0,2,2
0,0,0,2,2
0,0,0,1,9
0,0,0,1,0
0,0,0,1,1
0,0,0,1,2
0,0,0,1,5
0,0,0,6,12
0,0,0,1,9
0,0,0,1,1
0,0,0,6,26
0,0,0,23,91
0,0,0,8,67
0,0,0,1,20
0,0,0,1,2
0,0,0,2,4
0,0,0,3,3
0,0,0,1,1
0,0,0,10,20
0,0,0,4,3
0,0,0,34,114
0,0,0,3,5
0,0,0,6,20
0,0,0,1,1
0,0,0,2,-8
0,0,0,1,2
0,0,0,1,42
0,0,0,2,2
0,0,0,4,8
0,0,0,1,2
0,0,0,1,1
0,0,0,1,3
0,0,0,1,1
0,0,0,1,3
0,0,0,1,8
0,0,0,4,8
0,0,0,1,0
0,0,0,1,5,0,0,0,0,0,0,0,0,1,0
0,0,0,2,0
0,0,0,1,12
0,0,0,1,1,0,0,0,0,0,0,0,0,0,0,1,2
0,0,0,1,-1
0,0,0,11,110
0,0,0,2,2
0,0,0,1,1
0,0,0,6,12
0,0,0,4,27,0,0,0,0,0,0,0,0,0,0,4,13
0,0,0,1,-4
0,0,0,2,2
0,0,0,1,-2
0,0,0,1,2
0,0,0,1,2
0,0,0,4,16
0,0,0,1,2
0,0,0,1,7
0,0,0,1,2
0,0,0,1,4
0,0,0,3,3
0,0,0,1,1,2,2
0,0,0,1,2
0,0,0,1,1
0,0,0,2,19
0,0,0,1,7
0,0,0,2,4
0,0,0,2,2
0,0,0,2,258
0,0,0,1,0
0,0,0,1,2
0,0,0,1,6
0,0,0,2,-4
0,0,0,1,3
0,0,0,1,4
0,0,0,8,10
0,0,0,1,4
0,0,0,2,31
0,0,0,1,1
0,0,0,2,2
0,0,0,8,88
0,0,0,3,5
0,0,0,1,1,1,1
0,0,0,1,0,0,0,3,3
0,0,0,1,-11
0,0,0,1,6,0,0,0,0,1,8,0,0,0,0,2,2
0,0,0,1,10
0,0,0,17,74
0,0,0,1,1
0,0,0,1,1
0,0,0,2,32
0,0,0,1,2
0,0,0,1,1
0,0,0,1,1
0,0,0,1,13
0,0,0,3,-4
0,0,0,1,1
0,0,0,1,-1
0,0,0,1,1
0,0,0,1,4
0,0,0,1,1
0,0,0,1,1
0,0,0,2,5
0,0,0,1,1
0,0,0,2,3
0,0,0,1,0
0,0,0,1,1
0,0,0,1,2
0,0,0,2,7
0,0,0,1,1
0,0,0,1,2
0,0,0,1,14
0,0,0,16,64
0,0,0,1,1
0,0,0,4,10
0,0,0,2,4
0,0,0,2,10
0,0,0,1,3
0,0,0,13,479
0,0,0,1,6
0,0,0,4,6
0,0,0,1,0
0,0,0,1,1
0,0,0,1,1
0,0,0,3,37
0,0,0,2,4
0,0,0,1,1
0,0,0,1,1
0,0,0,22,0
0,0,0,2,2
0,0,0,4,58
0,0,0,1,1
0,0,0,1,1
0,0,0,1,1
0,0,0,1,1
0,0,0,1,3
0,0,0,5,-14
0,0,0,4,4
0,0,0,1,-2
0,0,0,16,28
0,0,0,1,2
0,0,0,1,-18
0,0,0,1,3
0,0,0,1,5
0,0,0,1,74
0,0,0,1,1
0,0,0,1,7
0,0,0,12,16
0,0,0,6,42
0,0,0,1,3
0,0,0,1,11
0,0,0,1,2
0,0,0,1,1
0,0,0,8,20
0,0,0,3,138
0,0,0,1,1
0,0,0,2,2
0,0,0,6,6
0,0,0,1,6
0,0,0,1,2
0,0,0,10,80
0,0,0,1,61
0,0,0,2,-4
0,0,0,18,480
0,0,0,14,14
0,0,0,8,110
0,0,0,1,5
0,0,0,1,2
0,0,0,1,1
0,0,0,2,3
0,0,0,1,1
0,0,0,1,4
0,0,0,1,2
0,0,0,1,1
0,0,0,2,3
0,0,0,1,12
0,0,0,1,1
0,0,0,1,2
0,0,0,1,1
0,0,0,2,3
0,0,0,6,16
0,0,0,1,27
0,0,0,2,6
0,0,0,2,2
0,0,0,4,40
0,0,0,1,1
0,0,0,2,4
0,0,0,1,1
0,0,0,2,54
0,0,0,2,9
0,0,0,10,140
0,0,0,2,8,0,0,0,0,0,0,0,0,4,71,2,2
0,0,0,1,1
0,0,0,1,1
0,0,0,1,1
0,0,0,4,84
0,0,0,1,1
0,0,0,1,2
0,0,0,1,34
0,0,0,1,1
0,0,0,2,47
0,0,0,2,2
0,0,0,1,7
0,0,0,1,3
0,0,0,1,4
0,0,0,2,2
0,0,0,16,-16
0,0,0,2,2
0,0,0,1,5
0,0,0,1,0
0,0,0,1,13,0,0,4,6
0,0,0,6,-29,0,0,0,0,1,1
0,0,0,1,6
0,0,0,1,4,2,4
0,0,0,10,30
0,0,0,1,1
0,0,0,1,-16,0,0,0,0,2,18
0,0,0,7,-13
0,0,0,1,5
0,0,0,2,8
0,0,0,1,1
0,0,0,20,132
0,0,0,4,4,0,0,0,0,0,0,0,0,0,0,2,3
0,0,0,1,2
0,0,0,1,6,0,0,0,0,0,0,0,0,0,0,1,1
0,0,0,10,20
0,0,0,1,1
0,0,0,6,9
0,0,0,1,3
0,0,0,2,4
0,0,0,1,2
0,0,0,3,4
0,0,0,2,4
0,0,0,10,16
0,0,0,1,3
0,0,0,1,1
0,0,0,1,29
0,0,0,1,0
0,0,0,1,1
0,0,0,6,24
0,0,0,1,1
0,0,0,2,22
0,0,0,1,9
0,0,0,1,1
0,0,0,2,3
0,0,0,1,11
0,0,0,2,-2
0,0,0,4,4
0,0,0,2,2,0,0,0,0,0,0,0,0,0,0,7,7
0,0,0,1,1
0,0,0,2,28
0,0,0,1,8
0,0,0,2,3
0,0,0,1,1
0,0,0,1,-3
0,0,0,1,1
0,0,0,1,1
0,0,0,2,2
0,0,0,2,-3
0,0,0,2,2
0,0,0,1,5
0,0,0,1,12
0,0,0,3,180
0,0,0,2,-2,0,0,0,0,0,0,0,0,0,0,4,4
0,0,0,6,6
0,0,0,4,20
0,0,0,1,1
0,0,0,1,1
0,0,0,1,5
0,0,0,1,1
0,0,0,3,3,0,0,0,0,0,0,0,0,0,0,1,1
0,0,0,2,2
0,0,0,1,17
0,0,0,2,128
0,0,0,5,5
0,0,0,1,3
0,0,0,3,17
0,0,0,2,2
0,0,0,1,5
0,0,0,1,2
0,0,0,3,7
0,0,0,1,2
0,0,0,1,3,0,0,0,0,0,0,0,0,2,30
0,0,0,1,3
0,0,0,4,4
0,0,0,2,2
0,0,0,1,30
0,0,0,1,-2
0,0,0,1,80,0,0,0,0,0,0,0,0,1,221
0,0,0,2,2
0,0,0,1,5
0,0,0,1,-6
0,0,0,1,1
0,0,0,16,22
0,0,0,1,1
0,0,0,1,2
0,0,0,1,8
0,0,0,5,13
0,0,0,3,32
0,0,0,1,60
0,0,0,2,44
0,0,0,1,-7
0,0,0,6,141
0,0,0,1,1
0,0,0,1,28
0,0,0,2,2
0,0,0,1,0
0,0,0,1,1
0,0,0,1,1
0,0,0,8,92
0,0,0,1,5
0,0,0,1,1
0,0,0,3,-38
0,0,0,1,0
0,0,0,1,-1
0,0,0,4,24
0,0,0,8,202
0,0,0,2,6
0,0,0,2,-2
0,0,0,5,5
0,0,0,1,-4,0,0,0,0,1,1
0,0,0,2,4
0,0,0,1,2
0,0,0,1,1
0,0,0,1,1
0,0,0,4,12
0,0,0,1,-2
0,0,0,1,1
0,0,0,2,2
0,0,0,1,11
0,0,0,16,21
0,0,0,2,2
0,0,0,2,19
0,0,0,1,2
0,0,0,2,2
0,0,0,1,0
0,0,0,1,1
0,0,0,1,2
0,0,0,6,102
0,0,0,1,1
0,0,0,3,11
0,0,0,1,2
0,0,0,2,2
0,0,0,11,33
0,0,0,12,42
0,0,0,4,4
0,0,0,1,1,0,0,0,0,0,0,0,0,0,0,1,1
0,0,0,2,18
0,0,0,7,7
0,0,0,1,1,0,0,0,0,0,0,0,0,0,0,1,1
0,0,0,2,6
0,0,0,2,8
0,0,0,1,-1
0,0,0,7,13
0,0,0,1,1
0,0,0,16,20
0,0,0,1,-1
0,0,0,1,2
0,0,0,6,18
0,0,0,1,1
0,0,0,1,3
0,0,0,4,4
0,0,0,2,108
0,0,0,2,128
0,0,0,1,-1
0,0,0,4,0
0,0,0,1,1
0,0,0,1,1
0,0,0,2,-2
0,0,0,1,1
0,0,0,12,18
0,0,0,1,-2,2,2
0,0,0,2,3
0,0,0,2,4
0,0,0,3,0
0,0,0,2,18
0,0,0,1,-1
0,0,0,16,384
0,0,0,6,30
0,0,0,2,2
0,0,0,8,52
0,0,0,1,4
0,0,0,1,1
0,0,0,1,1
0,0,0,1,0,0,0,0,0,0,0,0,0,0,0,14,18
0,0,0,1,9
0,0,0,1,4
0,0,0,4,6
0,0,0,1,2
0,0,0,1,2
0,0,0,2,0
0,0,0,1,1
0,0,0,1,-1
0,0,0,1,1
0,0,0,2,14
0,0,0,1,1
0,0,0,4,7
0,0,0,7,191
0,0,0,1,0
0,0,0,1,1
0,0,0,2,2
0,0,0,1,2
0,0,0,1,6
0,0,0,2,-10
0,0,0,2,-54
0,0,0,1,6
0,0,0,1,13
0,0,0,1,0
0,0,0,2,7
0,0,0,1,3
0,0,0,1,2
0,0,0,2,3
0,0,0,1,3
0,0,0,1,2
0,0,0,1,5
0,0,0,1,0
0,0,0,1,2
0,0,0,1,3,0,0,0,0,2,2
0,0,0,1,1
0,0,0,1,1
0,0,0,1,1
0,0,0,1,3
0,0,0,1,-5
0,0,0,1,2
0,0,0,1,4
0,0,0,1,5,0,0,0,0,1,1
0,0,0,1,4
0,0,0,1,-1
0,0,0,1,2
0,0,0,1,1
0,0,0,2,122
0,0,0,1,1
0,0,0,1,1
0,0,0,1,1
0,0,0,4,7
0,0,0,3,65
0,0,0,1,-17
0,0,0,1,2
0,0,0,2,8
0,0,0,1,11
0,0,0,1,24
0,0,0,1,4
0,0,0,1,11
0,0,0,1,28
0,0,0,2,12
0,0,0,1,7
0,0,0,6,6
0,0,0,4,12
0,0,0,1,1
0,0,0,1,6
0,0,0,1,1
0,0,0,1,2
0,0,0,1,-1
0,0,0,3,4
0,0,0,2,4
0,0,0,1,1
0,0,0,1,1,0,0,0,0,0,0,0,0,0,0,6,6
0,0,0,1,4
0,0,0,4,32
0,0,0,5,5
0,0,0,1,1
0,0,0,1,2
0,0,0,1,3
0,0,0,1,3
0,0,0,6,6
0,0,0,14,14
0,0,0,1,3
0,0,0,1,1
0,0,0,1,10
0,0,0,2,26
0,0,0,2,2
0,0,0,1,1
0,0,0,1,4
0,0,0,1,1
0,0,0,4,-6
0,0,0,2,6
0,0,0,3,5
0,0,0,2,4
0,0,0,16,272
0,0,0,8,12,0,0,0,0,7,7
0,0,0,1,3
0,0,0,1,14
0,0,0,1,1
0,0,0,1,1
0,0,0,1,57
0,0,0,2,2
0,0,0,1,1
0,0,0,2,5
0,0,0,2,0
0,0,0,4,4
0,0,0,1,1
0,0,0,8,24
0,0,0,1,8
0,0,0,1,4
0,0,0,1,2
0,0,0,3,-1
0,0,0,1,1
0,0,0,1,13,0,0,0,0,0,0,0,0,0,0,1,1
0,0,0,1,0
0,0,0,1,1
0,0,0,4,5,0,0,0,0,0,0,0,0,1,0
0,0,0,2,7
0,0,0,2,18
0,0,0,28,58
0,0,0,1,-6
0,0,0,3,-6
0,0,0,2,8
0,0,0,1,1
0,0,0,2,-50
0,0,0,1,9
0,0,0,1,2
0,0,0,2,4
0,0,0,6,0
0,0,0,2,2
0,0,0,6,6
0,0,0,1,-2
0,0,0,1,1
0,0,0,1,-1
0,0,0,1,1
0,0,0,1,1
0,0,0,1,1
0,0,0,6,24
0,0,0,1,26
0,0,0,1,2,0,0,0,0,1,1
0,0,0,3,-1
0,0,0,1,3,0,0,0,0,1,-1
0,0,0,2,48
0,0,0,1,39
0,0,0,1,4
0,0,0,1,2
0,0,0,1,2
0,0,0,2,4
0,0,0,2,84
0,0,0,10,80
0,0,0,2,2
0,0,0,6,54
0,0,0,4,4
0,0,0,1,4
0,0,0,1,1,2,2
0,0,0,2,13
0,0,0,1,-3
0,0,0,2,2
0,0,0,3,8
0,0,0,1,1,0,0,0,0,4,2
0,0,0,1,46,0,0,0,0,0,0,0,0,0,0,1,2
0,0,0,1,2
0,0,0,4,10
0,0,0,1,2
0,0,0,1,3
0,0,0,1,2
0,0,0,1,1
0,0,0,1,1
0,0,0,1,-2
0,0,0,1,1
0,0,0,8,424
0,0,0,1,3
0,0,0,1,10
0,0,0,1,1
0,0,0,2,2
0,0,0,1,1
0,0,0,1,1
0,0,0,2,0
0,0,0,1,2
0,0,0,1,2
0,0,0,31,41
0,0,0,2,40
0,0,0,1,1
0,0,0,1,1
0,0,0,1,24
0,0,0,1,1
0,0,0,1,1
0,0,0,1,1
0,0,0,3,17
0,0,0,1,81
0,0,0,1,4
0,0,0,1,1
0,0,0,2,22
0,0,0,1,1
0,0,0,1,-1
0,0,0,1,3
0,0,0,3,3
0,0,0,3,3
0,0,0,2,2
0,0,0,1,3,0,0,0,0,0,0,2,14
0,0,0,2,8
0,0,0,1,1
0,0,0,2,2
0,0,0,1,5
0,0,0,1,5
0,0,0,1,0
0,0,0,1,1
0,0,0,3,7
0,0,0,3,3
0,0,0,1,1
0,0,0,2,-2
0,0,0,1,1
0,0,0,1,15
0,0,0,1,5
0,0,0,1,8
0,0,0,1,1
0,0,0,1,1
0,0,0,1,1
0,0,0,1,1
0,0,0,2,8
0,0,0,1,1
0,0,0,6,0
0,0,0,2,4
0,0,0,1,5
0,0,0,1,8,0,0,1,6
0,0,0,4,-4
0,0,0,6,6
0,0,0,16,16
0,0,0,1,1
0,0,0,1,1
0,0,0,1,14
0,0,0,1,3
0,0,0,1,2
0,0,0,6,7
0,0,0,8,-16
0,0,0,1,1
0,0,0,2,2
0,0,0,3,1
0,0,0,1,7
0,0,0,1,23
0,0,0,1,2
0,0,0,1,-1
0,0,0,1,-1
0,0,0,1,0
0,0,0,2,4
0,0,0,1,9
0,0,0,1,1
0,0,0,4,184
0,0,0,1,3
0,0,0,1,3
0,0,0,1,5
0,0,0,1,26
0,0,0,1,3,0,0,0,0,6,10
0,0,0,1,11,0,0,1,-20
0,0,0,1,3
0,0,0,1,14
0,0,0,1,36
0,0,0,1,1
0,0,0,1,6
0,0,0,1,3
0,0,0,1,3
0,0,0,1,5
0,0,0,2,4,0,0,0,0,0,0,0,0,1,1
0,0,0,14,398
0,0,0,4,8
0,0,0,1,1
0,0,0,3,4
0,0,0,1,1
0,0,0,1,1
0,0,0,1,-1
0,0,0,1,1
0,0,0,2,2
0,0,0,1,2
0,0,0,1,30
0,0,0,1,6
0,0,0,1,21
0,0,0,1,2
0,0,0,1,1
0,0,0,2,-3
0,0,0,1,5
0,0,0,6,12
0,0,0,1,24
0,0,0,12,16
0,0,0,1,1
0,0,0,1,1
0,0,0,1,1
0,0,0,1,30
0,0,0,1,3,0,0,0,0,0,0,0,0,1,-3
0,0,0,4,-4
0,0,0,14,14
0,0,0,1,1,0,0,0,0,3,22,0,0,3,80,2,7
0,0,0,1,7
0,0,0,2,2
0,0,0,1,1
0,0,0,1,-2
0,0,0,1,1
0,0,0,1,1
0,0,0,2,8
0,0,0,1,37
0,0,0,1,0
0,0,0,1,1
0,0,0,4,8,0,0,0,0,0,0,0,0,0,0,1,9
0,0,0,1,1,0,0,0,0,4,4
0,0,0,5,16
0,0,0,1,1
0,0,0,9,9
0,0,0,1,3
0,0,0,5,629
0,0,0,6,12
0,0,0,3,3
0,0,0,14,0
0,0,0,2,14
0,0,0,1,1
0,0,0,3,9,4,10
0,0,0,2,20
0,0,0,1,4
0,0,0,1,1
0,0,0,1,1
0,0,0,8,8
0,0,0,10,120
0,0,0,1,4
0,0,0,12,14
0,0,0,1,1
0,0,0,2,4
0,0,0,1,2
0,0,0,1,0
0,0,0,4,8
0,0,0,1,2
0,0,0,1,6
0,0,0,1,11
0,0,0,3,2
0,0,0,1,1
0,0,0,1,4
0,0,0,1,-3
0,0,0,1,-2
0,0,0,1,1
0,0,0,1,3
0,0,0,1,4
0,0,0,2,5
0,0,0,1,5
0,0,0,2,-6
0,0,0,1,1
0,0,0,1,1
0,0,0,1,1,0,0,0,0,1,1,0,0,0,0,1,0
0,0,0,1,8
0,0,0,1,-1
0,0,0,1,23,0,0,1,0
0,0,0,5,10
0,0,0,2,6,0,0,4,25
0,0,0,1,1
0,0,0,5,13
0,0,0,1,18
0,0,0,1,2
0,0,0,1,6
0,0,0,1,1
0,0,0,5,5
0,0,0,5,15
0,0,0,1,1
0,0,0,1,1
0,0,0,1,3
0,0,0,2,5
0,0,0,12,12
0,0,0,1,4
0,0,0,1,3
0,0,0,1,2
0,0,0,1,1
0,0,0,2,2
0,0,0,11,81
0,0,0,2,37
0,0,0,4,30
0,0,0,1,1
0,0,0,1,6
0,0,0,1,-5
0,0,0,1,0
0,0,0,4,136
0,0,0,1,1
0,0,0,1,1
0,0,0,9,16
0,0,0,1,3
0,0,0,1,0
0,0,0,1,-1
0,0,0,1,1,0,0,0,0,0,0,0,0,0,0,1,1
0,0,0,4,0
0,0,0,1,0
0,0,0,4,12
0,0,0,1,2
0,0,0,1,1,0,0,0,0,2,2
0,0,0,1,34
0,0,0,1,1
0,0,0,1,1,0,0,0,0,2,2
0,0,0,1,-5
0,0,0,2,3
0,0,0,1,1
0,0,0,1,-3
0,0,0,1,1
0,0,0,2,-7
0,0,0,2,31
0,0,0,1,3
0,0,0,1,1
0,0,0,1,2
0,0,0,1,8
0,0,0,1,12
0,0,0,4,236
0,0,0,5,25
0,0,0,1,6
0,0,0,1,10,0,0,0,0,0,0,0,0,0,0,1,1
0,0,0,1,0
0,0,0,1,1
0,0,0,1,1
0,0,0,1,2
0,0,0,1,-26
0,0,0,1,1
0,0,0,15,81
0,0,0,2,2
0,0,0,1,1
0,0,0,2,12
0,0,0,2,5
0,0,0,4,4
0,0,0,4,31,0,0,8,13,0,0,4,-8,0,0,4,12
0,0,0,1,3
0,0,0,1,1
0,0,0,7,2
0,0,0,1,0,0,0,0,0,0,0,1,3
0,0,0,2,5
0,0,0,6,24
0,0,0,1,1
0,0,0,2,2
0,0,0,1,2
0,0,0,2,6
0,0,0,1,4
0,0,0,6,6
0,0,0,2,3
0,0,0,2,25
0,0,0,1,1
0,0,0,1,1
0,0,0,1,8
0,0,0,1,2
0,0,0,2,2
0,0,0,1,5
0,0,0,1,2
0,0,0,1,2
0,0,0,1,1
0,0,0,1,11,0,0,0,0,0,0,0,0,0,0,2,15
0,0,0,2,2
0,0,0,2,0,0,0,0,0,1,29
0,0,0,1,-7
0,0,0,1,2
0,0,0,1,2
0,0,0,2,3
0,0,0,1,23
0,0,0,1,2,0,0,0,0,1,4
0,0,0,13,-3
0,0,0,2,2
0,0,0,1,1
0,0,0,4,241
0,0,0,1,9
0,0,0,1,1
0,0,0,1,1
0,0,0,1,1
0,0,0,4,4
0,0,0,1,10
0,0,0,2,4
0,0,0,1,2
0,0,0,8,0
0,0,0,2,4
0,0,0,1,1
0,0,0,3,5
0,0,0,2,0,0,0,0,0,0,0,3,60
0,0,0,4,4
0,0,0,2,3
0,0,0,2,-4
0,0,0,2,6
0,0,0,4,7
0,0,0,2,2
0,0,0,1,1
0,0,0,3,-3
0,0,0,13,99
0,0,0,1,1
0,0,0,2,5
0,0,0,1,3
0,0,0,1,1
0,0,0,2,6
0,0,0,1,15
0,0,0,5,25
0,0,0,1,2
0,0,0,1,3
0,0,0,1,30
0,0,0,2,16
0,0,0,1,1
0,0,0,1,3
0,0,0,1,1
0,0,0,1,25
0,0,0,2,2
0,0,0,1,2
0,0,0,1,2
0,0,0,1,1
0,0,0,2,7
0,0,0,1,0
0,0,0,1,1
0,0,0,2,4
0,0,0,1,4,0,0,0,0,0,0,0,0,3,23,1,1
0,0,0,1,7
0,0,0,5,5
0,0,0,6,0
0,0,0,2,2
0,0,0,1,42,0,0,0,0,1,0
0,0,0,3,22
0,0,0,1,1
0,0,0,1,1
0,0,0,1,1
0,0,0,1,3,0,0,0,0,0,0,0,0,0,0,6,37
0,0,0,1,6
0,0,0,1,2
0,0,0,4,5
0,0,0,1,2
0,0,0,1,2
0,0,0,4,24
0,0,0,2,1
0,0,0,1,1
0,0,0,1,2
0,0,0,4,21,0,0,0,0,0,0,0,0,0,0,2,3
0,0,0,1,5
0,0,0,2,38
0,0,0,1,1
0,0,0,1,3
0,0,0,3,5
0,0,0,1,3
0,0,0,1,4
0,0,0,1,6
0,0,0,1,-2
0,0,0,1,2
0,0,0,2,1
0,0,0,1,12
0,0,0,6,18
0,0,0,2,-4
0,0,0,1,1
0,0,0,2,2
0,0,0,1,1
0,0,0,1,1
0,0,0,1,6
0,0,0,1,3
0,0,0,1,3
0,0,0,6,17
0,0,0,2,8
0,0,0,1,3
0,0,0,2,12
0,0,0,2,2
0,0,0,1,1,0,0,0,0,0,0,1,0
0,0,0,1,5
0,0,0,1,1
0,0,0,1,2
0,0,0,1,3
0,0,0,1,2,0,0,0,0,1,1,2,33
0,0,0,1,56
0,0,0,1,-1
0,0,0,2,7
0,0,0,1,3
0,0,0,2,2
0,0,0,1,1
0,0,0,1,7
0,0,0,1,7,0,0,0,0,1,1,2,4
0,0,0,1,26
0,0,0,2,28
0,0,0,2,2
0,0,0,1,1
0,0,0,1,18
0,0,0,2,4
0,0,0,1,1
0,0,0,2,5
0,0,0,1,187
0,0,0,1,18
0,0,0,1,6
0,0,0,1,1
0,0,0,1,0
0,0,0,1,1
0,0,0,1,1
0,0,0,1,1
0,0,0,1,2
0,0,0,6,26
0,0,0,1,1
0,0,0,1,11
0,0,0,1,1
0,0,0,2,-1
0,0,0,4,6
0,0,0,2,4
0,0,0,1,22
0,0,0,2,92
0,0,0,2,6
0,0,0,4,38
0,0,0,1,3
0,0,0,1,3
0,0,0,4,-182
0,0,0,5,5
0,0,0,1,2,3,3
0,0,0,1,4
0,0,0,2,7
0,0,0,2,5,0,0,0,0,0,0,0,0,0,0,1,3
0,0,0,2,40
0,0,0,2,0
0,0,0,1,2
0,0,0,1,2
0,0,0,2,2
0,0,0,2,0
0,0,0,6,6
0,0,0,1,1
0,0,0,1,3
0,0,0,2,-20
0,0,0,2,14
0,0,0,11,11
0,0,0,1,1
0,0,0,1,11
0,0,0,1,-3
0,0,0,2,2
0,0,0,1,1
0,0,0,2,8
0,0,0,1,0,0,0,0,0,0,0,0,0,0,0,4,3
0,0,0,1,1
0,0,0,5,11
0,0,0,1,-7
0,0,0,1,0
0,0,0,1,3
0,0,0,2,2
0,0,0,1,1
0,0,0,4,-11
0,0,0,1,9
0,0,0,1,1
0,0,0,1,5
0,0,0,1,7
0,0,0,2,2
0,0,0,2,4
0,0,0,1,0
0,0,0,2,3
0,0,0,1,7,0,0,0,0,0,0,0,0,0,0,2,2
0,0,0,1,2
0,0,0,2,2
0,0,0,4,21
0,0,0,1,65
0,0,0,1,13
0,0,0,1,1
0,0,0,1,-5
0,0,0,9,14
0,0,0,10,22
0,0,0,2,2
0,0,0,4,24
0,0,0,1,1
0,0,0,2,2
0,0,0,1,6
0,0,0,1,1
0,0,0,5,38
0,0,0,3,11
0,0,0,1,1
0,0,0,1,1
0,0,0,2,2
0,0,0,1,2
0,0,0,1,1
0,0,0,1,1
0,0,0,12,12
0,0,0,6,6
0,0,0,4,18
0,0,0,1,18
0,0,0,1,-1
0,0,0,6,18
0,0,0,1,1
0,0,0,1,1
0,0,0,1,259
0,0,0,1,1
0,0,0,2,2
0,0,0,3,31
0,0,0,1,1
0,0,0,1,0
0,0,0,1,0
0,0,0,1,11
0,0,0,1,15
0,0,0,1,1
0,0,0,2,9
0,0,0,1,-7
0,0,0,1,10
0,0,0,2,4
0,0,0,1,28
0,0,0,2,4
0,0,0,1,9
0,0,0,1,1
0,0,0,2,4
0,0,0,2,2
0,0,0,2,18
0,0,0,6,6
0,0,0,1,1
0,0,0,1,10
0,0,0,7,34
0,0,0,1,2
0,0,0,1,0
0,0,0,2,2
0,0,0,1,1
0,0,0,1,1
0,0,0,1,1
0,0,0,1,2
0,0,0,2,2
0,0,0,1,1
0,0,0,2,6
0,0,0,1,1
0,0,0,1,1
0,0,0,1,9
0,0,0,6,66
0,0,0,4,8
0,0,0,3,5
0,0,0,2,-10
0,0,0,2,4
0,0,0,1,-2
0,0,0,1,1
0,0,0,23,359
0,0,0,1,1
0,0,0,3,18
0,0,0,2,2
0,0,0,10,10
0,0,0,1,0
0,0,0,1,17
0,0,0,1,-1,0,0,0,0,0,0,1,1
0,0,0,1,1
0,0,0,2,4
0,0,0,1,3,1,1
0,0,0,1,1
0,0,0,1,9
0,0,0,1,45
0,0,0,2,1,0,0,0,0,0,0,0,0,0,0,2,2
0,0,0,2,2
0,0,0,1,2
0,0,0,1,-1
0,0,0,1,1
0,0,0,1,1
0,0,0,4,92
0,0,0,2,0
0,0,0,1,14
0,0,0,1,2
0,0,0,1,-1
0,0,0,1,3
0,0,0,8,8
0,0,0,1,5
0,0,0,1,68
0,0,0,2,28
0,0,0,1,0
0,0,0,1,1
0,0,0,1,3
0,0,0,1,1
0,0,0,2,13
0,0,0,4,8,0,0,0,0,0,0,0,0,0,0,1,-1
0,0,0,4,6
0,0,0,1,2,0,0,0,0,0,0,0,0,0,0,1,1
0,0,0,1,1,1,1
0,0,0,2,2
0,0,0,1,1
0,0,0,1,-4
0,0,0,2,12
0,0,0,4,12
0,0,0,1,1
0,0,0,9,9
0,0,0,1,3
0,0,0,1,1
0,0,0,1,19
0,0,0,1,-1
0,0,0,1,46
0,0,0,1,5
0,0,0,1,5,0,0,0,0,0,0,0,0,1,0
0,0,0,1,1
0,0,0,2,4
0,0,0,1,1
0,0,0,1,1
0,0,0,3,5
0,0,0,2,4
0,0,0,1,1
0,0,0,6,6
0,0,0,6,72
0,0,0,2,2
0,0,0,1,2,0,0,0,0,1,9
0,0,0,2,6
0,0,0,8,36
0,0,0,1,30
0,0,0,1,-5
0,0,0,1,1
0,0,0,2,10
0,0,0,1,1
0,0,0,5,112
0,0,0,5,8,0,0,0,0,0,0,0,0,1,1
0,0,0,1,-11,0,0,0,0,1,2,0,0,0,0,2,15
0,0,0,1,1
0,0,0,1,-1
0,0,0,1,1
0,0,0,1,-9
0,0,0,1,7
0,0,0,1,6
0,0,0,1,0
0,0,0,8,24
0,0,0,4,5
0,0,0,1,46
0,0,0,1,1
0,0,0,3,10
0,0,0,2,0
0,0,0,1,7
0,0,0,20,50
0,0,0,4,46
0,0,0,1,1
0,0,0,1,-2
0,0,0,1,51
0,0,0,1,3
0,0,0,1,3
0,0,0,2,4
0,0,0,1,1
0,0,0,1,-1
0,0,0,2,12,0,0,0,0,0,0,0,0,0,0,1,82
0,0,0,3,5
0,0,0,2,3
0,0,0,1,2
0,0,0,1,3
0,0,0,1,1
0,0,0,4,-2
0,0,0,3,25
0,0,0,1,1
0,0,0,2,2
0,0,0,1,1
0,0,0,1,1
0,0,0,2,5,0,0,0,0,0,0,5,69
0,0,0,2,6
0,0,0,1,1
0,0,0,4,4
0,0,0,1,2
0,0,0,1,-1
0,0,0,1,4
0,0,0,1,3
0,0,0,8,15
0,0,0,6,84
0,0,0,1,1
0,0,0,7,56
0,0,0,2,2
0,0,0,1,1
0,0,0,6,18
0,0,0,3,28
0,0,0,1,2
0,0,0,4,21
0,0,0,1,-7
0,0,0,10,840
0,0,0,6,6
0,0,0,1,0
0,0,0,6,18
0,0,0,1,0
0,0,0,2,15
0,0,0,2,2
0,0,0,22,506
0,0,0,11,22
0,0,0,1,-1
0,0,0,1,3
0,0,0,6,-6
0,0,0,1,-3
0,0,0,8,4
0,0,0,1,4
0,0,0,1,29
0,0,0,1,5
0,0,0,1,2
0,0,0,1,11
0,0,0,6,-2
0,0,0,1,1
0,0,0,1,20
0,0,0,1,1
0,0,0,4,-12
0,0,0,1,13
0,0,0,1,31
0,0,0,1,29
0,0,0,2,12
0,0,0,2,10
0,0,0,4,4
0,0,0,1,-3
0,0,0,2,2
0,0,0,1,1
0,0,0,3,5
0,0,0,10,-110
0,0,0,1,25
0,0,0,4,14
0,0,0,1,2
0,0,0,2,2
0,0,0,1,-3
0,0,0,1,2
0,0,0,1,1
0,0,0,1,1
0,0,0,1,-4,0,0,0,0,0,0,1,1
0,0,0,2,-20
0,0,0,2,4
0,0,0,1,1
0,0,0,1,3
0,0,0,6,57
0,0,0,1,14
0,0,0,1,2
0,0,0,2,8
0,0,0,1,3
0,0,0,1,3
0,0,0,1,4
0,0,0,1,2
0,0,0,1,1
0,0,0,1,2
0,0,0,1,5
0,0,0,1,-5
0,0,0,2,7
0,0,0,1,-1
0,0,0,18,48
0,0,0,1,3
0,0,0,1,1
0,0,0,1,6
0,0,0,3,25
0,0,0,2,4
0,0,0,1,4
0,0,0,1,2
0,0,0,1,-1
0,0,0,4,182
0,0,0,1,37
0,0,0,1,3
0,0,0,1,0
0,0,0,1,1
0,0,0,1,7
0,0,0,1,2,0,0,0,0,3,29
0,0,0,6,10
0,0,0,12,110
0,0,0,1,2
0,0,0,1,14
0,0,0,2,288
0,0,0,1,5
0,0,0,1,0
0,0,0,6,18
0,0,0,1,1
0,0,0,1,5
0,0,0,6,-17
0,0,0,2,38
0,0,0,1,1
0,0,0,5,15
0,0,0,1,2
0,0,0,6,6
0,0,0,1,2
0,0,0,2,2
0,0,0,1,3
0,0,0,1,1,0,0,0,0,4,4
0,0,0,1,2
0,0,0,1,-1
0,0,0,11,11
0,0,0,4,4
0,0,0,2,4
0,0,0,2,4
0,0,0,1,1
0,0,0,1,1
0,0,0,1,28
0,0,0,1,0
0,0,0,1,1
0,0,0,2,32
0,0,0,1,2
0,0,0,1,16
0,0,0,1,2
0,0,0,32,40
0,0,0,1,3,0,0,0,0,0,0,0,0,0,0,3,9
0,0,0,11,63
0,0,0,1,2
0,0,0,1,1
0,0,0,1,2
0,0,0,1,14
0,0,0,5,18
0,0,0,1,4
0,0,0,3,18
0,0,0,2,2
0,0,0,1,0
0,0,0,2,4
0,0,0,10,-90
0,0,0,1,-10
0,0,0,1,1
0,0,0,2,28
0,0,0,1,1
0,0,0,8,56
0,0,0,36,37
0,0,0,2,3
0,0,0,1,39
0,0,0,1,1
0,0,0,1,1
0,0,0,1,1
0,0,0,1,3
0,0,0,1,12,0,0,0,0,0,0,0,0,0,0,1,0
0,0,0,1,2
0,0,0,3,37
0,0,0,1,2
0,0,0,2,0,0,0,4,25
0,0,0,1,3
0,0,0,1,27
0,0,0,1,0,0,0,1,4
0,0,0,3,13
0,0,0,1,15
0,0,0,1,0,0,0,0,0,0,0,0,0,0,0,1,1
0,0,0,1,1
0,0,0,1,0
0,0,0,1,1
0,0,0,1,-1
0,0,0,1,1
0,0,0,1,8
0,0,0,1,9
0,0,0,8,178
0,0,0,3,13,0,0,0,0,10,17,4,53
0,0,0,3,4
0,0,0,2,1
0,0,0,1,2,0,0,0,0,0,0,5,15
0,0,0,1,2
0,0,0,1,2
0,0,0,4,3
0,0,0,2,2
0,0,0,1,5
0,0,0,4,24
0,0,0,1,0
0,0,0,1,1
0,0,0,1,-1
0,0,0,4,4
0,0,0,2,9,0,0,0,0,0,0,0,0,0,0,3,4
0,0,0,1,5
0,0,0,2,2
0,0,0,1,5
0,0,0,4,-4
0,0,0,1,1
0,0,0,2,2
0,0,0,3,6
